stand_stand1.mp4_0th_frame.jpg,386.76657,221.21313,-129.7339,395.9911,207.75108,-116.04085,401.79242,207.89246,-116.06313,406.51666,208.32214,-116.0537,379.46558,208.4682,-112.03559,374.18875,209.1814,-111.996346,368.6328,210.34818,-111.95446,414.21106,217.46982,-41.33133,362.32224,218.95276,-26.002699,398.5989,237.41667,-104.046364,376.6919,237.44826,-99.07793,460.65622,313.76254,-38.328915,320.63306,310.92715,-7.832059,484.21255,411.36334,-19.366177,299.64258,413.83237,22.721899,507.25607,503.72635,-85.01065,295.4685,508.50146,-23.95214,515.2035,531.219,-110.48424,289.7275,537.3865,-45.58444,508.41345,530.3004,-148.58585,297.25494,536.26,-79.06614,502.75327,521.6598,-101.11801,301.7795,528.15375,-40.550785,428.20227,521.1068,-4.14196,344.4087,519.21136,3.9156456,429.96994,668.1002,31.766428,330.08267,667.7468,33.51838,429.29666,796.1122,118.68231,329.49603,799.82007,117.89548,418.7203,813.3191,119.71868,342.1873,816.6879,118.18844,447.5867,844.4182,18.24775,303.14816,848.1951,16.14201
stand_stand1.mp4_100th_frame.jpg,378.71344,245.13731,-163.35039,386.92868,230.7525,-143.6113,391.93167,230.47716,-143.61746,395.45517,230.64012,-143.64236,370.87994,231.41946,-147.11331,365.10535,231.76424,-147.07489,359.4787,232.72684,-147.10478,401.4326,236.83328,-21.13322,350.00797,239.58972,-38.92276,388.82687,259.42487,-116.77674,369.01648,259.8123,-121.88972,434.7544,319.63916,5.4767346,308.19086,312.9867,-47.11012,461.86737,369.69965,-213.21913,295.832,367.6999,-264.88165,423.5145,334.50525,-435.1189,340.10162,341.0118,-432.04123,407.15915,314.8956,-483.45358,360.2797,330.36627,-473.12244,403.89703,307.99722,-464.1001,363.28217,323.378,-455.45187,405.1442,315.69888,-432.83386,360.3542,327.2207,-428.82065,414.34512,535.8576,12.609219,329.43484,537.1099,-12.701261,437.35477,678.27545,35.627163,314.75726,680.87256,25.689552,432.8664,796.474,171.03279,325.53104,795.5212,150.2914,420.50458,814.3993,177.5656,338.9931,813.1501,156.71463,451.19885,843.4934,67.71925,309.07336,843.7903,45.094128
stand_stand1.mp4_120th_frame.jpg,376.16046,234.53928,-190.44368,384.7895,219.95975,-169.06119,389.22366,220.14679,-169.04262,393.1715,220.36598,-169.03268,367.29974,220.4532,-168.27501,361.18958,221.02173,-168.24532,355.6921,221.77094,-168.23848,400.7802,227.84424,-48.009735,348.22458,230.47066,-44.26414,386.6627,250.61188,-144.24533,366.55756,251.5676,-143.31316,433.9176,312.6516,-30.231253,312.9442,310.01102,-26.193506,458.90875,381.1407,-167.7557,298.8749,384.73343,-180.8723,364.61914,327.78903,-278.075,388.18256,336.32446,-293.25513,343.28876,316.49762,-311.54,408.80295,328.7784,-330.30493,344.13803,311.84375,-287.8462,410.41656,318.36743,-303.16373,349.37762,314.8851,-270.2863,403.77722,320.88165,-284.70538,417.01492,531.4165,-0.87980235,334.264,531.5565,0.74960494,436.228,680.8322,9.010536,317.0161,679.1494,56.499805,430.0296,795.37836,248.56842,328.43893,794.4075,261.0711,419.27866,810.48773,265.0335,343.23004,807.9712,275.27377,445.97586,840.04236,135.20795,308.38327,844.7908,147.85938
stand_stand1.mp4_140th_frame.jpg,377.65903,229.32631,-116.651855,385.78088,215.24341,-96.60271,389.60422,215.42883,-96.64525,392.79526,215.7921,-96.7243,369.32236,215.75308,-98.84429,362.54797,216.39359,-98.82373,357.10513,217.20593,-98.88561,400.45007,224.55717,3.480204,347.96448,226.03716,-8.060914,387.41553,246.55266,-81.0084,366.7639,247.23318,-84.431465,432.71765,311.6755,23.492228,312.28085,309.85202,8.589553,472.07956,392.30927,-55.243347,291.5625,396.84613,-100.39092,409.44696,323.62155,-117.98131,352.94617,327.78992,-192.06848,397.16403,301.19662,-135.5839,368.7989,305.17737,-216.4163,393.07755,295.30646,-110.15603,369.6834,299.76892,-192.32968,394.3855,302.89172,-107.531876,366.9234,308.50256,-184.51491,416.37805,527.43494,1.1485724,336.41544,528.29767,-1.3218286,435.21442,674.65125,3.2858973,320.17236,677.15625,28.706398,428.146,791.37396,123.81575,330.95306,793.3751,126.87711,416.4184,807.79553,128.08153,344.86752,806.5201,130.38443,444.77417,835.1035,29.067984,309.3932,843.8788,35.681717
stand_stand1.mp4_160th_frame.jpg,377.79276,223.39578,-162.85881,383.70798,207.38045,-148.09981,388.37915,206.98036,-148.1327,393.8263,206.62961,-148.18124,367.87076,208.56247,-150.67122,361.12927,209.1908,-150.62627,354.96332,209.96574,-150.62613,399.19437,212.27368,-46.681385,343.92114,217.35483,-59.95266,386.56696,239.62717,-123.285164,367.72595,242.37582,-127.11256,436.30847,301.02774,-12.343539,300.949,305.19168,-12.550563,471.79434,390.65918,-67.90792,276.847,411.0449,-102.07413,404.565,366.76694,-174.04315,329.45544,380.08118,-247.5458,384.3849,360.82648,-199.2977,345.97058,374.4968,-276.29636,379.6165,346.7727,-184.5279,347.65308,361.3241,-265.4686,384.18326,347.40668,-167.88162,345.6416,360.82642,-245.19302,413.273,520.80035,-0.55533737,331.01523,522.02924,0.32617158,427.45322,669.60474,9.969161,321.92404,675.81024,36.964634,427.23074,791.00256,156.8548,329.8294,793.2413,164.20988,416.11725,806.54626,163.49617,344.41473,804.8135,170.95497,445.94962,837.15063,57.46085,307.1428,845.8795,71.66441
stand_stand1.mp4_180th_frame.jpg,375.41763,207.43222,-148.73424,384.7354,192.2102,-135.09229,389.4631,192.56866,-135.14563,393.68893,193.00159,-135.14906,366.72385,192.78702,-134.54141,360.21664,193.71625,-134.52274,354.99112,194.90944,-134.48438,402.26886,201.48175,-56.484512,346.22507,203.62709,-56.37652,387.49976,225.71104,-121.09802,364.1638,226.05966,-120.69088,445.8886,302.79037,-61.883595,303.52075,300.89972,-33.77592,473.18442,405.34192,-42.84865,287.17004,409.9739,-5.8010554,473.25055,505.95642,-95.17942,288.27045,512.4588,-38.03523,472.3968,538.3307,-118.67038,287.65323,543.33466,-54.917854,462.92477,533.7616,-150.61543,296.74402,542.0836,-86.217316,460.3283,523.8653,-107.40935,300.8512,533.15643,-52.78758,421.1953,520.46344,-6.2487645,335.49075,520.58386,6.0171733,426.57898,668.8253,33.49853,325.97968,667.637,53.145016,429.4637,793.1666,123.32853,329.57825,798.1641,139.79102,420.6192,810.8196,124.02752,343.20276,813.672,140.30829,445.01294,841.9034,25.118528,304.62393,848.01624,45.956917
stand_stand1.mp4_200th_frame.jpg,367.68094,214.4935,-224.70569,376.62558,199.67155,-200.10008,381.03177,199.97496,-200.13757,385.19415,200.2971,-200.18176,358.5099,200.7972,-203.04747,352.4291,201.85641,-203.01309,347.22958,202.85362,-202.90297,392.6482,208.9736,-70.81904,339.3892,212.93182,-86.13532,379.83664,231.72113,-178.42702,357.10178,232.82742,-182.63663,434.86725,298.03513,-62.454636,293.79626,303.77097,-50.23188,493.95758,323.17993,-264.83276,236.28142,347.44672,-251.83589,520.4778,327.15417,-530.1735,220.87143,354.59424,-542.4854,545.7893,336.3131,-584.7405,201.49994,368.31235,-599.3523,533.6955,335.05496,-593.07056,215.39436,365.24936,-604.73065,519.6931,332.66327,-541.0635,223.63031,362.18066,-554.694,412.9873,517.9275,-8.361208,331.02655,521.31604,8.25287,424.2114,667.72485,37.003685,325.78818,670.89246,66.10024,430.24036,794.35455,156.52724,332.87527,792.7597,198.617,419.90204,813.2913,159.48149,344.6533,807.8113,203.50386,447.25513,835.3327,34.845497,310.13165,841.7195,94.70655
stand_stand1.mp4_20th_frame.jpg,377.28214,211.158,-120.57146,385.80676,197.56561,-104.91319,391.9613,198.20575,-104.94085,396.0455,199.22859,-104.96131,368.63104,198.04054,-100.82073,363.54056,199.03317,-100.73705,357.81598,200.29274,-100.66583,404.82495,209.72136,-25.500797,351.9361,212.31041,-8.963791,389.2627,229.60022,-93.178635,367.37115,229.97284,-87.91309,451.0349,309.6842,-21.902607,311.6321,310.50293,15.604271,479.44766,401.00555,3.200364,281.0812,400.91437,58.52074,492.50397,487.8801,-56.249878,270.70367,483.88507,7.5527077,498.62952,516.86426,-83.6654,262.04556,513.4643,-15.662552,488.97168,513.7653,-117.64746,271.79303,512.2749,-51.621994,483.6806,504.29358,-69.75575,277.43616,502.43567,-10.343977,423.71057,515.2991,-3.3796413,338.10233,514.9771,3.2030966,428.0028,668.3005,33.35483,324.86508,669.1521,32.38902,427.51614,796.7821,120.19507,327.78015,802.9285,125.05954,414.5821,814.61066,121.19854,337.34613,818.1745,126.905426,445.25858,841.15454,12.718044,305.70068,852.84314,24.413504
stand_stand1.mp4_40th_frame.jpg,381.23444,226.41685,-79.22915,388.961,212.28915,-55.004887,392.77066,212.46237,-55.036224,396.3849,213.19252,-55.131042,374.10846,212.03546,-59.229748,368.27966,212.10886,-59.157333,362.8139,212.65625,-59.196907,402.71527,221.85098,55.45638,353.15857,221.82243,36.57665,390.4168,243.26875,-40.138622,371.48123,242.74594,-45.828026,434.18762,302.15454,72.987755,316.54092,300.18353,29.215322,473.6631,368.9826,-46.775497,286.8372,364.74194,-114.28572,413.04663,289.13815,-122.33344,348.18933,290.20605,-183.38536,398.77267,265.56848,-144.55135,364.28656,266.98404,-208.6908,396.28006,262.16888,-114.95798,365.30463,264.02463,-184.0246,398.33945,270.36975,-111.71577,362.8951,272.8903,-175.95113,417.127,512.1148,5.4971604,340.50336,512.55054,-5.552975,426.5241,663.38525,10.214668,328.32553,671.4176,14.534015,428.77466,795.5545,95.28659,329.25336,795.21454,101.25921,418.34933,814.7313,95.83447,338.1615,812.12,103.509346,445.19952,841.0797,-22.848494,309.6594,842.0053,-5.6784706
stand_stand1.mp4_60th_frame.jpg,381.03522,222.60307,-116.320145,387.96652,209.68427,-95.473206,392.2599,209.75742,-95.47308,398.06396,209.65073,-95.48584,371.077,210.07057,-95.30481,363.7708,210.62958,-95.25258,357.08902,211.3753,-95.243706,404.3037,216.55342,18.97975,347.69492,219.35768,20.280863,390.81598,239.51196,-72.15712,370.09677,240.73378,-71.99987,436.04398,301.73383,28.646397,317.63477,301.70526,38.918304,448.4563,372.2622,-84.23737,305.20438,372.43564,-94.673706,349.90036,323.94287,-142.87715,397.04706,330.29657,-180.46687,327.65933,322.74084,-167.67549,422.35986,330.74765,-211.21231,328.01212,317.99158,-143.83913,423.02115,320.92902,-186.29713,334.1795,317.8288,-133.32582,414.9501,320.09595,-172.5493,415.85193,506.05524,-2.5105479,338.1392,505.6455,2.4850097,423.95224,664.1687,10.079675,328.92398,667.887,39.532124,429.20572,802.31757,129.19089,329.6301,799.26135,155.87341,420.14044,820.75464,133.58945,340.4079,817.041,161.03157,443.84976,853.2489,-6.223004,312.10883,852.06116,36.87633
stand_stand1.mp4_80th_frame.jpg,381.4601,215.06015,-110.45589,390.34583,201.2548,-95.212425,395.02545,201.87863,-95.24597,399.46173,202.8107,-95.264465,373.24435,200.9798,-94.21061,366.9997,201.68582,-94.163475,361.89648,202.88513,-94.10315,407.277,212.75296,-14.535083,353.13184,213.75595,-12.535005,392.5174,233.32689,-82.20545,370.56766,233.07182,-81.13889,447.74158,311.25064,-12.281458,313.1644,308.82785,4.0488787,468.7473,414.55255,6.3458347,289.03183,413.1221,26.435616,455.95374,497.68982,-58.366913,303.75653,503.70178,-24.468367,454.92755,529.9311,-88.44292,303.7859,534.1552,-49.769993,444.09854,523.5357,-120.34591,316.34723,531.41003,-75.22212,441.5368,513.2214,-71.05698,320.37115,521.8618,-36.721573,421.08264,520.78906,-1.9482769,339.3055,521.4763,1.7723343,429.17676,670.6627,40.27536,325.8711,671.04865,47.103153,426.3481,798.8357,139.6262,328.69177,801.7501,147.60733,413.64362,815.7634,142.35799,340.99585,818.3356,150.22401,447.99088,844.5041,45.734077,303.8492,849.324,53.494347
stand_stand2.mp4_0th_frame.jpg,489.40445,242.18518,-197.06258,496.65753,227.05643,-185.61276,503.40204,226.19728,-185.58205,509.09787,225.77461,-185.49866,481.1066,230.43301,-174.54155,476.44775,231.59229,-174.49806,471.78854,232.98103,-174.40703,521.2298,233.43536,-103.903465,469.74274,242.62024,-53.670765,505.07898,256.70184,-165.82881,483.1703,258.8139,-151.13542,582.0626,328.01315,-108.56454,440.7741,343.91418,13.574563,606.66095,435.5166,-110.82998,429.59976,455.19406,48.165928,612.07324,535.9835,-184.97386,421.77557,550.60004,-29.925028,618.0192,572.209,-216.54343,415.34677,584.1808,-56.48235,608.81085,570.6454,-246.51634,422.10837,581.2872,-90.759384,603.43854,559.62756,-197.04736,427.34787,569.81964,-48.280434,555.2932,553.2168,-36.54795,469.28323,554.3882,36.325314,563.5314,706.1395,-5.9797096,462.93,713.60956,68.8052,583.36383,838.14276,135.50224,470.12103,848.96515,198.90637,578.6262,858.17065,141.97723,480.8462,871.2298,204.37718,591.0606,898.2178,15.950661,437.39713,892.9858,95.66475
stand_stand2.mp4_100th_frame.jpg,464.58575,242.38232,-211.68875,475.3611,226.47293,-209.52185,482.0032,225.82562,-209.5564,489.44293,225.6424,-209.53636,459.92026,229.46907,-187.70964,455.75156,230.60779,-187.63243,452.8896,231.56995,-187.58357,504.9737,234.55112,-159.33752,457.18655,240.67863,-56.737133,481.49557,259.2326,-191.00229,461.61584,260.289,-161.37033,563.64075,326.7717,-182.01054,432.87454,351.7024,41.56583,580.879,441.10785,-198.68674,424.4102,463.03613,91.85962,574.73413,548.8396,-252.32648,413.16705,551.786,-10.562211,576.3403,587.165,-285.13895,410.73508,585.5602,-34.6045,562.45496,583.6782,-309.85208,415.54684,581.20764,-75.83026,557.5737,574.43555,-259.84232,419.76215,568.6559,-31.73278,546.7662,561.717,-62.167,462.17584,561.6655,61.95505,563.52814,719.953,-56.283787,450.9525,719.6727,114.285286,585.4659,852.4275,134.1895,458.52197,856.2326,304.9728,581.3926,865.34186,143.02074,469.73538,877.17065,315.9242,585.0629,915.0837,-2.5562868,414.27667,898.808,213.96921
stand_stand2.mp4_120th_frame.jpg,472.631,251.60947,-226.13666,484.5237,235.24582,-217.95338,491.14722,234.32379,-218.03688,497.0511,233.84886,-218.02623,469.59274,237.2624,-192.42407,465.9228,237.63504,-192.39838,462.5655,238.05183,-192.41687,511.1971,239.61328,-138.1294,467.39664,245.34177,-18.946709,488.2605,265.94464,-195.46579,468.0279,266.88852,-161.36702,560.4302,315.50003,-219.93092,441.8911,330.42236,94.70482,529.69684,314.19223,-543.03674,390.79965,339.13293,-20.45641,447.47064,278.53763,-727.14465,337.85095,304.90573,-300.55237,430.4938,276.8531,-787.4102,322.77496,301.33917,-348.51614,424.81964,276.19363,-777.1241,325.16943,296.9821,-361.94247,428.50183,278.4809,-727.02106,333.3425,299.17944,-318.98303,543.02155,546.48425,-79.94622,462.10965,547.97235,79.63506,566.0933,705.9912,-33.88858,453.0293,710.9114,138.85626,589.415,848.7277,88.323715,455.74902,853.47485,259.32605,586.53674,866.0882,89.07628,471.26013,878.0653,260.71875,586.63727,902.3815,-86.178154,412.85175,892.8897,130.07811
stand_stand2.mp4_140th_frame.jpg,467.03455,242.9289,-200.19225,478.7195,226.42502,-199.47112,485.42255,225.66849,-199.4838,492.43143,225.04193,-199.45421,461.85162,229.58725,-176.87067,458.39453,230.50514,-176.76245,455.35437,231.45465,-176.66624,508.47537,232.78531,-150.60135,458.21542,240.2967,-44.566296,484.64847,258.60858,-179.30501,461.9299,260.28156,-148.75241,569.39166,327.30188,-169.06076,433.86697,346.25217,61.868202,596.549,440.06177,-169.18715,423.3176,450.80066,136.71689,592.4821,540.6115,-195.91759,420.93558,535.9214,46.931335,594.3496,579.6071,-216.25368,421.95013,567.22314,34.856426,580.2763,574.3824,-239.72385,425.15463,564.18286,0.15969749,575.60443,563.65466,-201.11932,428.0072,551.9972,29.169634,544.929,555.0695,-56.8683,456.39426,556.1396,56.639603,563.50214,712.50055,-45.022022,449.8806,716.0604,98.80725,588.2864,849.48193,96.56887,459.1664,853.3585,241.02682,582.51917,863.52386,101.204735,470.6344,873.31024,247.22813,588.1375,914.9005,-39.55962,417.9934,898.5686,147.87607
stand_stand2.mp4_160th_frame.jpg,468.48816,249.63132,-151.92943,479.55954,234.28957,-154.93204,486.56882,233.6117,-154.97682,492.65054,233.33511,-154.97075,464.58127,236.19531,-131.48784,460.73218,236.7096,-131.49599,456.83902,237.33496,-131.52559,507.40988,240.31114,-114.97098,461.6637,244.69302,-6.69402,483.19406,264.44373,-132.91055,463.76562,265.58878,-101.9252,560.3613,319.5878,-139.12732,440.25177,340.03156,100.29684,568.287,416.7445,-215.04175,402.1372,431.54584,28.284382,472.3789,404.53687,-265.56357,388.14536,420.8824,-220.89474,449.75305,407.01587,-289.4428,381.12668,420.52963,-260.58417,447.11926,396.02158,-283.58322,386.3868,408.1986,-265.28006,452.88092,395.10654,-258.94226,393.98126,407.15448,-231.40335,539.06177,558.664,-66.700645,458.8553,560.1264,66.464584,560.1986,712.3056,-60.418995,448.36032,718.5257,82.788605,586.1042,846.7897,48.633923,458.2293,859.0256,174.44588,585.13165,859.6443,50.1803,474.30438,881.7947,175.29973,585.18713,908.4207,-85.54457,414.34412,897.2023,73.123
stand_stand2.mp4_20th_frame.jpg,467.64618,247.87027,-200.15706,477.40265,232.68665,-198.77083,484.23553,232.32971,-198.87653,491.44412,232.30583,-198.89944,461.662,234.6061,-174.92538,457.57135,235.6266,-174.87349,454.8395,236.62234,-174.87035,506.0439,240.19539,-143.7585,457.19254,247.04462,-32.331997,484.52905,265.22974,-177.28616,464.58975,267.2311,-145.09085,561.3148,333.29388,-165.02367,434.2116,346.93933,74.66589,576.3375,410.49628,-261.95148,395.867,429.22455,76.45518,549.44836,477.21686,-409.4556,364.05377,489.83536,-98.08715,549.8759,504.60678,-454.25974,350.81573,515.47437,-130.64604,538.35486,499.01782,-475.2316,356.8364,515.3362,-166.4095,535.42914,490.97156,-417.90344,363.99817,508.59775,-120.1753,535.2604,563.4873,-56.697823,454.97375,563.068,56.55195,564.14685,719.9254,-6.9151,448.8324,722.93396,127.45824,581.0165,840.29297,213.80663,460.02722,854.96594,326.99448,571.86505,856.1487,225.87889,476.60275,878.6612,337.68277,592.39197,893.9424,83.56316,417.9952,893.8905,224.35498
stand_stand2.mp4_40th_frame.jpg,469.44922,258.83255,-222.14085,481.18036,242.5493,-209.87112,487.76425,241.85326,-209.90187,493.86227,241.50827,-209.83713,466.15866,244.28491,-190.86865,462.39133,244.52744,-190.88472,459.099,244.86845,-190.87677,510.11948,246.94724,-112.76275,465.0844,251.4347,-25.36087,485.1714,273.73242,-184.67194,465.64645,274.35153,-159.8288,560.9155,322.79022,-174.66174,441.412,338.64996,61.988346,540.996,338.61182,-430.98898,383.62146,366.4312,-196.11342,448.2446,323.76218,-568.0237,357.4812,345.5325,-571.89954,425.4428,325.03735,-623.85016,351.8917,337.6078,-640.2784,415.17484,323.95557,-614.3931,363.82126,332.68066,-633.93115,422.71722,324.6257,-566.3701,373.62,334.97845,-583.03033,540.9971,551.27795,-78.36398,463.56265,555.5237,78.08362,566.4589,713.2278,-47.636135,455.58722,717.482,128.70996,591.8726,854.5481,57.249443,462.55945,859.01984,225.99104,591.3529,870.19257,56.321793,478.47076,883.2146,225.34453,588.64954,904.94196,-114.89253,414.44336,894.4414,95.64752
stand_stand2.mp4_60th_frame.jpg,465.7887,251.59885,-266.08304,476.73798,233.87299,-266.477,483.96204,232.81578,-266.48508,491.22528,232.10762,-266.44205,461.3439,237.51514,-241.28502,457.7237,238.46133,-241.2669,455.44528,239.25438,-241.29596,507.2022,239.19464,-199.18393,459.79813,245.18384,-81.124535,482.32593,267.72525,-236.46799,463.1689,270.5184,-202.82942,566.8331,326.26862,-173.72325,437.0061,342.5801,17.276012,579.41626,432.85333,-315.92255,404.04855,453.88058,-138.54355,486.0758,382.21826,-452.87167,443.47943,384.37134,-432.33704,467.74237,366.9719,-493.05185,451.32584,364.41147,-484.19418,467.35483,356.6808,-471.05963,453.31827,354.99573,-467.69995,472.447,361.5597,-443.45648,453.91956,360.53186,-433.66324,546.1137,562.5042,-61.55718,458.1487,563.2863,61.380955,566.1305,720.9718,27.944279,448.27945,722.4018,195.20105,586.33307,850.1876,230.05972,455.49393,854.4613,418.94672,579.7542,866.7383,239.41153,469.9543,879.78,433.91705,591.3514,905.4443,70.56996,413.7939,893.8893,307.45392
stand_stand2.mp4_80th_frame.jpg,472.95316,254.40704,-220.45566,483.32214,237.90337,-209.4656,489.05365,236.72462,-209.48682,494.20547,235.70946,-209.42722,468.7323,240.41699,-192.34889,464.55527,240.85829,-192.3482,460.76733,241.51648,-192.406,507.87933,240.14044,-112.10497,464.8272,247.47353,-33.932034,487.57874,267.59802,-181.87898,468.75284,269.2172,-159.92293,558.3962,313.8437,-172.25389,442.11877,327.01135,40.193893,509.87012,318.85413,-449.20358,375.97958,322.02966,-203.06248,440.42743,281.12247,-590.63184,350.52536,316.81375,-557.19946,420.74573,276.16968,-639.8501,344.2838,315.9753,-618.77216,414.80338,276.02338,-632.3189,354.62442,310.72778,-617.00323,424.5082,278.28607,-590.51404,360.3744,313.04288,-570.8286,544.87866,542.32477,-66.35699,464.13278,545.44775,66.040726,562.7834,700.8152,-53.305958,455.16074,707.9337,120.49708,592.4212,849.06616,18.335352,461.14777,856.97437,220.66165,591.9303,867.7709,13.882876,477.2121,881.3321,219.80537,587.09143,902.14954,-161.94583,417.06317,898.42413,97.66796
stand_stand3.mp4_0th_frame.jpg,500.6227,231.14944,-115.39942,506.0556,214.33987,-137.72867,510.55157,212.63242,-137.80504,515.82465,210.68437,-137.87558,499.57794,216.60077,-97.45353,498.47327,216.74934,-97.368996,497.23306,216.89856,-97.36721,540.3485,209.5886,-170.73767,511.9244,217.53447,14.017711,514.4943,241.2094,-121.46439,504.45795,243.5523,-68.24999,598.1508,280.49756,-249.44981,523.71423,303.1178,152.47559,600.99243,382.69153,-285.52634,524.9272,401.85974,227.02974,557.8233,477.52863,-229.87152,507.7018,476.02667,150.0377,552.6686,511.7597,-257.0728,504.9944,506.2262,141.20274,539.14935,504.2188,-260.99448,505.02884,505.31247,102.96632,538.6202,494.24323,-225.37514,508.11398,494.50934,129.16682,576.0448,491.29868,-113.94774,526.161,495.98557,113.926605,595.7583,643.17474,-111.51948,515.5167,643.0838,137.43907,613.5564,775.3534,-0.312396,535.6355,776.6555,231.67139,627.41077,790.0546,2.9194171,552.9028,800.69104,234.25414,581.9924,826.36084,-129.48158,477.8709,809.8192,151.01971
stand_stand3.mp4_100th_frame.jpg,521.33307,211.79614,-100.66207,530.06213,197.28804,-107.86063,534.8267,196.59305,-107.9104,540.60767,195.71002,-107.94218,521.9559,198.2511,-78.70538,521.04486,198.06755,-78.67293,520.1749,197.88568,-78.68304,561.63074,200.28471,-90.13728,535.5217,201.82642,43.56488,532.5152,226.80666,-90.37293,523.20776,227.68732,-52.008263,607.94,278.2832,-117.36943,521.275,301.78455,150.53152,588.82025,374.26715,-162.54308,482.0917,403.8863,53.747704,510.1563,325.47653,-140.38716,477.32047,338.11713,-210.17632,497.2597,311.5893,-154.76038,479.06424,318.60144,-253.92361,500.06494,302.71756,-152.68459,483.78003,310.08026,-245.96507,504.4242,306.78888,-135.02322,485.3147,314.34583,-216.5549,586.942,488.39725,-89.69159,525.86884,491.9469,89.64418,603.37744,637.503,-108.92924,521.09827,637.5693,139.41373,634.1581,778.01117,-54.770004,533.8528,775.00616,241.5423,654.5652,805.75745,-58.38212,548.70996,802.0337,244.42548,597.4127,817.2106,-210.97806,484.77402,807.0563,148.10052
stand_stand3.mp4_120th_frame.jpg,530.18463,220.19005,-54.153366,537.8907,204.3421,-66.51424,542.3407,203.34229,-66.54232,547.54224,202.14706,-66.50853,531.16595,205.69456,-34.24895,530.31256,205.56018,-34.24045,529.60986,205.36208,-34.227947,569.44836,203.88242,-73.67509,548.1979,205.61877,74.6153,543.2452,233.31656,-52.813046,533.6267,234.60068,-10.001757,612.2091,274.35107,-148.98128,530.0762,297.69543,177.42693,536.4239,306.66888,-249.47215,458.1646,337.17706,75.77893,440.6953,276.40912,-241.76425,412.12714,287.45996,-212.00461,416.93176,267.96185,-271.47537,397.04688,274.0522,-259.3379,415.4622,260.93225,-270.68414,399.4036,267.4782,-263.1988,424.27792,265.47635,-238.58559,406.73688,272.27646,-225.25151,588.5555,483.02283,-97.53173,530.336,486.35114,97.2529,604.7113,636.36786,-117.53652,518.7536,637.92554,132.37834,634.2281,780.7157,-102.195274,522.07544,775.9876,207.34392,648.5547,801.0031,-109.94742,535.9258,799.25507,207.69473,597.0979,823.9679,-261.2268,471.64868,809.0923,120.76975
stand_stand3.mp4_140th_frame.jpg,520.3093,215.60464,-105.65645,528.8575,198.95998,-122.23632,534.2464,197.96542,-122.32981,540.3291,196.93274,-122.2983,520.6689,200.6709,-86.76722,519.2043,200.83801,-86.73107,517.75305,200.93326,-86.71909,561.0582,200.68956,-135.10408,534.10767,203.4042,27.352463,533.716,230.94818,-105.23833,524.0119,231.80484,-58.310055,601.16473,271.81146,-239.17093,526.7725,293.51495,172.22441,507.04883,300.20566,-365.27298,447.27823,317.37164,235.39236,393.42307,310.4967,-355.4827,367.70245,333.78638,146.30484,370.1125,320.35492,-394.48386,340.76837,337.65244,134.52518,370.82996,319.59695,-385.3296,345.49112,335.43616,99.1307,380.67584,318.52563,-349.627,359.42728,333.78452,124.60263,583.28796,491.50073,-117.42813,526.2624,491.54132,117.11222,606.18115,640.42596,-139.45415,517.28656,629.1304,196.34839,630.9197,785.5596,-110.632195,528.7271,763.8129,300.7945,646.2257,808.0415,-115.96532,540.6795,788.8275,305.225,596.9028,820.5475,-262.69974,471.55087,800.05743,236.20415
stand_stand3.mp4_160th_frame.jpg,528.33014,204.46246,-275.85754,538.29,186.83316,-271.6415,545.06055,185.47607,-271.77396,551.9098,184.56586,-271.8405,522.995,190.80092,-248.19295,518.9529,191.88983,-248.08084,516.30273,192.7221,-248.05205,565.6036,191.63385,-207.76134,520.5127,199.86319,-96.527145,544.8124,219.19861,-249.46365,525.86017,221.71033,-217.51782,615.1938,278.23135,-246.90051,514.0348,299.14893,62.202038,639.8425,387.80807,-277.84775,494.96475,404.99756,140.7015,609.03186,485.06015,-330.33093,480.4784,492.30975,26.190735,606.4894,517.46436,-369.60663,472.35898,521.2431,3.538644,587.45044,511.86823,-389.39813,472.96786,519.16595,-41.84481,584.4029,503.6763,-335.34625,478.41043,510.6802,2.7990923,585.4969,502.314,-102.82071,524.2522,503.63132,102.77241,608.20245,646.60596,-96.57318,513.6379,646.0172,180.12888,635.1411,779.25916,30.819893,527.77,768.35974,370.0452,652.0696,800.2991,33.285717,544.58795,790.85864,380.58142,593.79816,820.6421,-125.5746,484.81885,803.5646,285.62698
stand_stand3.mp4_180th_frame.jpg,526.1245,203.43027,-130.79713,537.5547,189.25082,-127.299164,544.45184,188.92001,-127.43816,551.1467,188.83284,-127.51387,526.3102,190.23232,-103.950554,524.3968,190.18982,-103.8287,522.06,190.27763,-103.76868,568.24866,196.74223,-83.286095,532.9092,197.83897,26.007648,540.4247,219.66306,-113.422905,525.9189,219.73961,-81.80804,619.8292,282.29605,-146.26945,513.09296,302.18765,152.08414,660.3517,374.0501,-191.737,480.8456,392.26285,208.88751,664.0152,461.64963,-248.50491,420.33167,463.7815,121.33609,668.5859,489.47522,-278.25137,403.56183,486.94836,104.97664,652.37476,488.53424,-306.66672,399.9701,486.19263,61.958668,646.7615,479.617,-258.5642,407.0479,479.77338,97.11217,576.06335,492.3187,-93.53264,514.3837,491.40857,93.45348,603.29767,643.78186,-96.12902,518.96454,640.7755,130.44156,632.4501,779.39844,-18.319242,530.7339,769.0862,246.95343,650.2679,800.96185,-20.090942,545.05536,792.5793,249.29506,592.37067,818.369,-165.3287,482.95773,806.3258,152.99263
stand_stand3.mp4_200th_frame.jpg,497.28354,213.92874,-35.89342,504.18475,197.49326,-65.12805,507.18564,196.77975,-65.20578,510.44827,195.9693,-65.19919,501.12625,197.88832,-22.13748,501.67368,197.52504,-22.051128,502.44125,197.01346,-22.092573,534.3423,199.10089,-129.50574,523.5726,199.71933,66.38658,506.5311,227.39145,-53.557384,502.01617,228.59036,2.902822,583.42664,272.0983,-225.46371,526.5577,295.4062,184.16963,549.56323,335.0697,-295.38495,529.69257,394.22147,265.70764,460.37985,355.2213,-259.48178,511.25018,463.48077,205.43106,436.46494,375.91614,-288.58957,510.14847,490.5051,196.0044,431.03705,368.60855,-284.93756,508.63266,485.83557,159.3181,439.22186,361.75,-253.32898,509.855,479.06335,185.72542,581.58954,492.95496,-113.350204,527.95044,496.8838,113.04524,604.1271,640.704,-99.35629,524.0078,637.53064,165.46046,632.6236,773.3917,11.157042,529.69824,772.93854,265.62372,655.3085,799.43243,14.889149,543.634,799.2502,268.8331,591.4133,814.1401,-107.31348,470.46332,803.02466,201.60916
stand_stand3.mp4_20th_frame.jpg,528.0835,211.81873,-134.43529,536.8312,197.18488,-149.28444,542.4145,195.94547,-149.35751,548.30756,194.71222,-149.39243,528.6136,198.99481,-113.16757,527.5931,199.09177,-113.1104,526.63824,199.1452,-113.15176,569.50806,200.15692,-163.58221,542.1326,202.73576,0.86735165,541.2631,226.60352,-135.76227,530.37787,228.0209,-88.226555,621.2783,281.54764,-240.24214,537.7642,299.6628,138.44006,630.15125,389.7429,-287.80542,515.67303,404.54645,199.57867,602.419,484.02814,-310.70544,489.5949,491.58566,108.142494,601.647,517.50146,-346.35916,482.36438,519.38116,95.62472,584.5047,511.75998,-358.37488,483.22256,518.52185,55.922104,581.6547,502.7041,-311.65363,487.3605,510.16595,86.83105,593.3656,493.5183,-113.88622,538.9106,494.46515,113.77876,602.81976,647.2662,-147.53383,522.87573,641.4322,167.97939,616.1165,784.0143,-58.00183,537.4841,770.8088,316.35287,625.3244,803.49176,-58.838284,552.77985,795.27704,324.04166,582.88043,829.5094,-201.30545,488.19437,806.5036,244.59337
stand_stand3.mp4_220th_frame.jpg,505.95273,216.44629,-63.74031,511.20154,199.96658,-85.99229,515.4941,198.78232,-86.06666,520.3937,197.57697,-86.04652,506.06448,201.56319,-47.7865,505.64816,201.66917,-47.74063,505.2213,201.74425,-47.7816,544.13965,198.57536,-124.06695,525.0445,203.39209,50.82343,519.1236,227.92184,-72.14654,510.50098,229.22025,-21.887962,595.49536,275.3504,-211.97137,521.6419,300.40515,180.2998,535.94135,369.15033,-228.91772,485.2905,389.92035,237.83789,454.00687,430.32422,-155.87248,448.56113,442.38068,157.64714,438.59778,456.57208,-181.05453,433.7077,470.9214,144.93828,430.25174,453.31,-191.00897,437.09308,469.53564,111.43765,436.7847,444.16306,-154.04561,441.99518,458.77777,138.79445,579.3114,495.17484,-110.922676,521.3544,497.00162,110.760086,601.9959,641.5195,-131.63162,516.6503,635.15,196.42493,636.4025,780.7118,-87.56983,527.2025,769.95215,305.87082,650.1601,807.0459,-92.08468,541.25464,793.53766,310.08112,598.43585,819.3866,-235.4847,473.98865,800.89734,242.04645
stand_stand3.mp4_240th_frame.jpg,501.51764,206.09103,-325.76498,512.99066,190.28821,-320.8533,519.2744,189.67072,-321.00116,525.6463,189.55795,-321.13034,497.415,192.39594,-300.50528,493.76013,192.98813,-300.3442,491.01746,193.86116,-300.2775,538.4494,196.73949,-240.96481,494.8915,201.37952,-146.50085,516.53345,221.41812,-292.06726,497.93268,222.97595,-265.08084,585.6722,279.0769,-263.1603,486.1077,298.52167,40.24101,624.49744,383.76294,-238.07678,495.64493,404.45798,141.46481,631.0892,483.50415,-226.85097,489.9151,483.93964,45.88575,640.46576,516.1944,-250.3517,484.57596,513.602,30.953856,623.9426,515.34094,-280.04776,484.8455,512.39,-13.308507,616.73254,507.30655,-234.05602,490.89044,502.6105,23.859316,570.2269,497.3664,-98.00718,507.62286,502.3837,98.003334,584.7289,639.6062,-68.35083,507.04913,644.88696,192.58014,628.51495,772.2775,57.325607,529.5488,765.8865,408.2432,651.2975,795.62317,59.531834,543.42114,787.6185,419.8473,587.7054,813.76733,-99.03982,476.25534,802.8966,321.10397
stand_stand3.mp4_40th_frame.jpg,547.4673,206.14517,-115.45353,555.9888,190.56885,-130.93674,561.2324,189.13698,-131.0444,567.0642,187.56894,-131.12804,548.06146,192.92593,-93.2294,547.1523,193.20593,-93.103806,546.2709,193.44812,-93.12217,589.227,191.94754,-147.00595,559.3188,197.18567,28.207373,561.2184,220.2489,-116.370544,549.2804,221.28294,-65.83699,643.5905,276.94427,-219.55452,546.23663,287.77133,166.66666,654.3159,387.09262,-264.72882,533.26624,401.7111,272.88705,632.4536,489.19812,-281.507,508.19553,488.7392,205.6973,631.416,524.8585,-312.87872,500.7931,515.1487,198.02356,614.2834,520.56146,-326.374,501.0578,514.28906,156.63814,609.451,513.6834,-282.09018,505.91965,507.5545,184.15837,603.9589,498.96024,-104.92088,541.4553,495.67032,104.80888,609.8708,651.2847,-148.82816,528.8923,639.9607,142.25966,614.4355,782.0706,26.832432,544.53503,765.9999,332.3518,620.0362,797.1959,35.86986,559.61646,786.4319,344.69092,580.912,824.5311,-100.3517,497.58334,806.6802,266.32816
stand_stand3.mp4_60th_frame.jpg,511.38242,225.81071,-109.27398,516.20074,208.67197,-130.58145,520.2013,206.95406,-130.69423,525.12933,205.23048,-130.77827,509.6713,211.84618,-90.79234,508.776,212.37228,-90.701355,507.76724,212.82877,-90.74429,549.79504,204.35724,-163.88397,525.42554,213.08473,18.524124,526.3668,236.3166,-116.30233,517.5829,239.45312,-63.536797,616.4334,279.19116,-240.78778,537.7617,300.25113,154.69353,628.9442,390.01895,-272.713,537.3589,414.18668,227.4047,606.03845,488.54922,-244.39392,515.19366,498.83362,159.49704,608.69794,522.424,-273.15967,509.63126,525.2523,151.37846,588.173,519.11426,-283.70786,508.13962,523.9689,112.99559,583.95013,511.22888,-243.2739,512.6039,514.78796,138.55753,593.78064,503.15814,-108.214935,539.4669,503.91068,108.285774,614.01465,649.91156,-130.48651,519.89813,649.816,205.62398,631.46295,786.63666,-82.49324,528.29926,769.08435,349.31165,643.2819,807.91614,-86.884094,538.1593,791.6644,357.1263,593.98645,822.34814,-223.80286,472.90872,802.67017,291.75323
stand_stand3.mp4_80th_frame.jpg,531.9808,220.17535,-33.636383,539.4621,203.3528,-51.45431,543.87085,202.38345,-51.518295,548.96027,201.33536,-51.508778,533.33276,204.28052,-17.157022,532.61707,204.0927,-17.11748,531.9298,203.95995,-17.10002,571.7145,203.07335,-74.01289,550.6273,204.99098,82.73331,543.6855,233.3368,-36.904163,535.0831,234.56178,8.304345,613.8007,272.50513,-170.85548,539.43005,292.03067,199.78214,531.9497,297.22888,-264.99518,478.3614,319.90396,175.14392,428.74686,301.29056,-223.96834,411.30402,314.27768,-13.918278,401.7011,308.51822,-252.89594,385.1984,315.68744,-42.243225,397.15958,303.59985,-245.91093,384.36905,313.04755,-66.52911,405.28543,302.23798,-216.80957,394.72226,313.01523,-33.97618,590.85187,483.914,-101.081474,533.9011,485.5084,100.842415,612.4015,638.928,-115.395424,523.11554,638.2284,137.64984,635.83136,784.75964,-98.09724,521.7337,777.96075,190.57121,650.6062,805.63934,-105.1546,535.5696,801.8999,188.7128,597.46576,824.52637,-249.04964,468.5019,808.4567,104.413956
